Acct_Key,Armt_Key,Src_Sys_Code,OD_Type,From_Date,To_Date
10000,1000,LIS,,2020-01-01,2099-12-31
10001,1001,LIS,,2020-01-01,2099-12-31
10002,1002,LIS,,2020-01-01,2099-12-31
10003,1003,LIS,,2020-01-01,2099-12-31
10004,1004,LIS,,2020-01-01,2099-12-31
10005,1005,LIS,,2020-01-01,2099-12-31
10006,1006,LIS,,2020-01-01,2099-12-31
10007,1007,LIS,,2020-01-01,2099-12-31
10008,1008,LIS,,2020-01-01,2099-12-31
10009,1009,LIS,,2020-01-01,2099-12-31
10010,1010,LIS,,2020-01-01,2099-12-31
10011,1011,LIS,,2020-01-01,2099-12-31
10012,1012,LIS,,2020-01-01,2099-12-31
10013,1013,LIS,,2020-01-01,2099-12-31
10014,1014,LIS,,2020-01-01,2099-12-31
10015,1015,LIS,,2020-01-01,2099-12-31
10016,1016,LIS,,2020-01-01,2099-12-31
10017,1017,LIS,,2020-01-01,2099-12-31
10018,1018,LIS,,2020-01-01,2099-12-31
10019,1019,LIS,,2020-01-01,2099-12-31
10020,1020,LIS,,2020-01-01,2099-12-31
10021,1021,LIS,,2020-01-01,2099-12-31
10022,1022,LIS,,2020-01-01,2099-12-31
10023,1023,LIS,,2020-01-01,2099-12-31
10024,1024,LIS,,2020-01-01,2099-12-31
10025,1025,LIS,,2020-01-01,2099-12-31
10026,1026,LIS,,2020-01-01,2099-12-31
10027,1027,LIS,,2020-01-01,2099-12-31
10028,1028,LIS,,2020-01-01,2099-12-31
10029,1029,LIS,,2020-01-01,2099-12-31
10030,1030,LIS,,2020-01-01,2099-12-31
10031,1031,LIS,,2020-01-01,2099-12-31
10032,1032,LIS,,2020-01-01,2099-12-31
10033,1033,LIS,,2020-01-01,2099-12-31
10034,1034,LIS,,2020-01-01,2099-12-31
10035,1035,LIS,,2020-01-01,2099-12-31
10036,1036,LIS,,2020-01-01,2099-12-31
10037,1037,LIS,,2020-01-01,2099-12-31
10038,1038,LIS,,2020-01-01,2099-12-31
10039,1039,LIS,,2020-01-01,2099-12-31
10040,1040,LIS,,2020-01-01,2099-12-31
10041,1041,LIS,,2020-01-01,2099-12-31
10042,1042,LIS,,2020-01-01,2099-12-31
10043,1043,LIS,,2020-01-01,2099-12-31
10044,1044,LIS,,2020-01-01,2099-12-31
10045,1045,LIS,,2020-01-01,2099-12-31
10046,1046,LIS,,2020-01-01,2099-12-31
10047,1047,LIS,,2020-01-01,2099-12-31
10048,1048,LIS,,2020-01-01,2099-12-31
10049,1049,LIS,,2020-01-01,2099-12-31
10050,1050,LIS,,2020-01-01,2099-12-31
10051,1051,LIS,,2020-01-01,2099-12-31
10052,1052,LIS,,2020-01-01,2099-12-31
10053,1053,LIS,,2020-01-01,2099-12-31
10054,1054,LIS,,2020-01-01,2099-12-31
10055,1055,LIS,,2020-01-01,2099-12-31
10056,1056,LIS,,2020-01-01,2099-12-31
10057,1057,LIS,,2020-01-01,2099-12-31
10058,1058,LIS,,2020-01-01,2099-12-31
10059,1059,LIS,,2020-01-01,2099-12-31
10060,1060,LIS,,2020-01-01,2099-12-31
10061,1061,LIS,,2020-01-01,2099-12-31
10062,1062,LIS,,2020-01-01,2099-12-31
10063,1063,LIS,,2020-01-01,2099-12-31
10064,1064,LIS,,2020-01-01,2099-12-31
10065,1065,LIS,,2020-01-01,2099-12-31
10066,1066,LIS,,2020-01-01,2099-12-31
10067,1067,LIS,,2020-01-01,2099-12-31
10068,1068,LIS,,2020-01-01,2099-12-31
10069,1069,LIS,,2020-01-01,2099-12-31
10070,1070,LIS,,2020-01-01,2099-12-31
10071,1071,LIS,,2020-01-01,2099-12-31
10072,1072,LIS,,2020-01-01,2099-12-31
10073,1073,LIS,,2020-01-01,2099-12-31
10074,1074,LIS,,2020-01-01,2099-12-31
10075,1075,LIS,,2020-01-01,2099-12-31
10076,1076,LIS,,2020-01-01,2099-12-31
10077,1077,LIS,,2020-01-01,2099-12-31
10078,1078,LIS,,2020-01-01,2099-12-31
10079,1079,LIS,,2020-01-01,2099-12-31
10080,1080,LIS,,2020-01-01,2099-12-31
10081,1081,LIS,,2020-01-01,2099-12-31
10082,1082,LIS,,2020-01-01,2099-12-31
10083,1083,LIS,,2020-01-01,2099-12-31
10084,1084,LIS,,2020-01-01,2099-12-31
10085,1085,LIS,,2020-01-01,2099-12-31
10086,1086,LIS,,2020-01-01,2099-12-31
10087,1087,LIS,,2020-01-01,2099-12-31
10088,1088,LIS,,2020-01-01,2099-12-31
10089,1089,LIS,,2020-01-01,2099-12-31
10090,1090,LIS,,2020-01-01,2099-12-31
10091,1091,LIS,,2020-01-01,2099-12-31
10092,1092,LIS,,2020-01-01,2099-12-31
10093,1093,LIS,,2020-01-01,2099-12-31
10094,1094,LIS,,2020-01-01,2099-12-31
10095,1095,LIS,,2020-01-01,2099-12-31
10096,1096,LIS,,2020-01-01,2099-12-31
10097,1097,LIS,,2020-01-01,2099-12-31
10098,1098,LIS,,2020-01-01,2099-12-31
10099,1099,LIS,,2020-01-01,2099-12-31
10100,1100,LIS,,2020-01-01,2099-12-31
10101,1101,LIS,,2020-01-01,2099-12-31
10102,1102,LIS,,2020-01-01,2099-12-31
10103,1103,LIS,,2020-01-01,2099-12-31
10104,1104,LIS,,2020-01-01,2099-12-31
10105,1105,LIS,,2020-01-01,2099-12-31
10106,1106,LIS,,2020-01-01,2099-12-31
10107,1107,LIS,,2020-01-01,2099-12-31
10108,1108,LIS,,2020-01-01,2099-12-31
10109,1109,LIS,,2020-01-01,2099-12-31
10110,1110,LIS,,2020-01-01,2099-12-31
10111,1111,LIS,,2020-01-01,2099-12-31
10112,1112,LIS,,2020-01-01,2099-12-31
10113,1113,LIS,,2020-01-01,2099-12-31
10114,1114,LIS,,2020-01-01,2099-12-31
10115,1115,LIS,,2020-01-01,2099-12-31
10116,1116,LIS,,2020-01-01,2099-12-31
10117,1117,LIS,,2020-01-01,2099-12-31
10118,1118,LIS,,2020-01-01,2099-12-31
10119,1119,LIS,,2020-01-01,2099-12-31
10120,1120,LIS,,2020-01-01,2099-12-31
10121,1121,LIS,,2020-01-01,2099-12-31
10122,1122,LIS,,2020-01-01,2099-12-31
10123,1123,LIS,,2020-01-01,2099-12-31
10124,1124,LIS,,2020-01-01,2099-12-31
10125,1125,LIS,,2020-01-01,2099-12-31
10126,1126,LIS,,2020-01-01,2099-12-31
10127,1127,LIS,,2020-01-01,2099-12-31
10128,1128,LIS,,2020-01-01,2099-12-31
10129,1129,LIS,,2020-01-01,2099-12-31
10130,1130,LIS,,2020-01-01,2099-12-31
10131,1131,LIS,,2020-01-01,2099-12-31
10132,1132,LIS,,2020-01-01,2099-12-31
10133,1133,LIS,,2020-01-01,2099-12-31
10134,1134,LIS,,2020-01-01,2099-12-31
10135,1135,LIS,,2020-01-01,2099-12-31
10136,1136,LIS,,2020-01-01,2099-12-31
10137,1137,LIS,,2020-01-01,2099-12-31
10138,1138,LIS,,2020-01-01,2099-12-31
10139,1139,LIS,,2020-01-01,2099-12-31
10140,1140,LIS,,2020-01-01,2099-12-31
10141,1141,LIS,,2020-01-01,2099-12-31
10142,1142,LIS,,2020-01-01,2099-12-31
10143,1143,LIS,,2020-01-01,2099-12-31
10144,1144,LIS,,2020-01-01,2099-12-31
10145,1145,LIS,,2020-01-01,2099-12-31
10146,1146,LIS,,2020-01-01,2099-12-31
10147,1147,LIS,,2020-01-01,2099-12-31
10148,1148,LIS,,2020-01-01,2099-12-31
10149,1149,LIS,,2020-01-01,2099-12-31
10150,1150,LIS,,2020-01-01,2099-12-31
10151,1151,LIS,,2020-01-01,2099-12-31
10152,1152,LIS,,2020-01-01,2099-12-31
10153,1153,LIS,,2020-01-01,2099-12-31
10154,1154,LIS,,2020-01-01,2099-12-31
10155,1155,LIS,,2020-01-01,2099-12-31
10156,1156,LIS,,2020-01-01,2099-12-31
10157,1157,LIS,,2020-01-01,2099-12-31
10158,1158,LIS,,2020-01-01,2099-12-31
10159,1159,LIS,,2020-01-01,2099-12-31
10160,1160,LIS,,2020-01-01,2099-12-31
10161,1161,LIS,,2020-01-01,2099-12-31
10162,1162,LIS,,2020-01-01,2099-12-31
10163,1163,LIS,,2020-01-01,2099-12-31
10164,1164,LIS,,2020-01-01,2099-12-31
10165,1165,LIS,,2020-01-01,2099-12-31
10166,1166,LIS,,2020-01-01,2099-12-31
10167,1167,LIS,,2020-01-01,2099-12-31
10168,1168,LIS,,2020-01-01,2099-12-31
10169,1169,LIS,,2020-01-01,2099-12-31
10170,1170,LIS,,2020-01-01,2099-12-31
10171,1171,LIS,,2020-01-01,2099-12-31
10172,1172,LIS,,2020-01-01,2099-12-31
10173,1173,LIS,,2020-01-01,2099-12-31
10174,1174,LIS,,2020-01-01,2099-12-31
10175,1175,LIS,,2020-01-01,2099-12-31
10176,1176,LIS,,2020-01-01,2099-12-31
10177,1177,LIS,,2020-01-01,2099-12-31
10178,1178,LIS,,2020-01-01,2099-12-31
10179,1179,LIS,,2020-01-01,2099-12-31
10180,1180,LIS,,2020-01-01,2099-12-31
10181,1181,LIS,,2020-01-01,2099-12-31
10182,1182,LIS,,2020-01-01,2099-12-31
10183,1183,LIS,,2020-01-01,2099-12-31
10184,1184,LIS,,2020-01-01,2099-12-31
10185,1185,LIS,,2020-01-01,2099-12-31
10186,1186,LIS,,2020-01-01,2099-12-31
10187,1187,LIS,,2020-01-01,2099-12-31
10188,1188,LIS,,2020-01-01,2099-12-31
10189,1189,LIS,,2020-01-01,2099-12-31
10190,1190,LIS,,2020-01-01,2099-12-31
10191,1191,LIS,,2020-01-01,2099-12-31
10192,1192,LIS,,2020-01-01,2099-12-31
10193,1193,LIS,,2020-01-01,2099-12-31
10194,1194,LIS,,2020-01-01,2099-12-31
10195,1195,LIS,,2020-01-01,2099-12-31
10196,1196,LIS,,2020-01-01,2099-12-31
10197,1197,LIS,,2020-01-01,2099-12-31
10198,1198,LIS,,2020-01-01,2099-12-31
10199,1199,LIS,,2020-01-01,2099-12-31
10200,1200,LIS,,2020-01-01,2099-12-31
10201,1201,LIS,,2020-01-01,2099-12-31
10202,1202,LIS,,2020-01-01,2099-12-31
10203,1203,LIS,,2020-01-01,2099-12-31
10204,1204,LIS,,2020-01-01,2099-12-31
10205,1205,LIS,,2020-01-01,2099-12-31
10206,1206,LIS,,2020-01-01,2099-12-31
10207,1207,LIS,,2020-01-01,2099-12-31
10208,1208,LIS,,2020-01-01,2099-12-31
10209,1209,LIS,,2020-01-01,2099-12-31
10210,1210,LIS,,2020-01-01,2099-12-31
10211,1211,LIS,,2020-01-01,2099-12-31
10212,1212,LIS,,2020-01-01,2099-12-31
10213,1213,LIS,,2020-01-01,2099-12-31
10214,1214,LIS,,2020-01-01,2099-12-31
10215,1215,LIS,,2020-01-01,2099-12-31
10216,1216,LIS,,2020-01-01,2099-12-31
10217,1217,LIS,,2020-01-01,2099-12-31
10218,1218,LIS,,2020-01-01,2099-12-31
10219,1219,LIS,,2020-01-01,2099-12-31
10220,1220,LIS,,2020-01-01,2099-12-31
10221,1221,LIS,,2020-01-01,2099-12-31
10222,1222,LIS,,2020-01-01,2099-12-31
10223,1223,LIS,,2020-01-01,2099-12-31
10224,1224,LIS,,2020-01-01,2099-12-31
10225,1225,LIS,,2020-01-01,2099-12-31
10226,1226,LIS,,2020-01-01,2099-12-31
10227,1227,LIS,,2020-01-01,2099-12-31
10228,1228,LIS,,2020-01-01,2099-12-31
10229,1229,LIS,,2020-01-01,2099-12-31
10230,1230,LIS,,2020-01-01,2099-12-31
10231,1231,LIS,,2020-01-01,2099-12-31
10232,1232,LIS,,2020-01-01,2099-12-31
10233,1233,LIS,,2020-01-01,2099-12-31
10234,1234,LIS,,2020-01-01,2099-12-31
10235,1235,LIS,,2020-01-01,2099-12-31
10236,1236,LIS,,2020-01-01,2099-12-31
10237,1237,LIS,,2020-01-01,2099-12-31
10238,1238,LIS,,2020-01-01,2099-12-31
10239,1239,LIS,,2020-01-01,2099-12-31
10240,1240,LIS,,2020-01-01,2099-12-31
10241,1241,LIS,,2020-01-01,2099-12-31
10242,1242,LIS,,2020-01-01,2099-12-31
10243,1243,LIS,,2020-01-01,2099-12-31
10244,1244,LIS,,2020-01-01,2099-12-31
10245,1245,LIS,,2020-01-01,2099-12-31
10246,1246,LIS,,2020-01-01,2099-12-31
10247,1247,LIS,,2020-01-01,2099-12-31
10248,1248,LIS,,2020-01-01,2099-12-31
10249,1249,LIS,,2020-01-01,2099-12-31
10250,1250,LIS,,2020-01-01,2099-12-31
10251,1251,LIS,,2020-01-01,2099-12-31
10252,1252,LIS,,2020-01-01,2099-12-31
10253,1253,LIS,,2020-01-01,2099-12-31
10254,1254,LIS,,2020-01-01,2099-12-31
10255,1255,LIS,,2020-01-01,2099-12-31
10256,1256,LIS,,2020-01-01,2099-12-31
10257,1257,LIS,,2020-01-01,2099-12-31
10258,1258,LIS,,2020-01-01,2099-12-31
10259,1259,LIS,,2020-01-01,2099-12-31
10260,1260,LIS,,2020-01-01,2099-12-31
10261,1261,LIS,,2020-01-01,2099-12-31
10262,1262,LIS,,2020-01-01,2099-12-31
10263,1263,LIS,,2020-01-01,2099-12-31
10264,1264,LIS,,2020-01-01,2099-12-31
10265,1265,LIS,,2020-01-01,2099-12-31
10266,1266,LIS,,2020-01-01,2099-12-31
10267,1267,LIS,,2020-01-01,2099-12-31
10268,1268,LIS,,2020-01-01,2099-12-31
10269,1269,LIS,,2020-01-01,2099-12-31
10270,1270,LIS,,2020-01-01,2099-12-31
10271,1271,LIS,,2020-01-01,2099-12-31
10272,1272,LIS,,2020-01-01,2099-12-31
10273,1273,LIS,,2020-01-01,2099-12-31
10274,1274,LIS,,2020-01-01,2099-12-31
10275,1275,LIS,,2020-01-01,2099-12-31
10276,1276,LIS,,2020-01-01,2099-12-31
10277,1277,LIS,,2020-01-01,2099-12-31
10278,1278,LIS,,2020-01-01,2099-12-31
10279,1279,LIS,,2020-01-01,2099-12-31
10280,1280,LIS,,2020-01-01,2099-12-31
10281,1281,LIS,,2020-01-01,2099-12-31
10282,1282,LIS,,2020-01-01,2099-12-31
10283,1283,LIS,,2020-01-01,2099-12-31
10284,1284,LIS,,2020-01-01,2099-12-31
10285,1285,LIS,,2020-01-01,2099-12-31
10286,1286,LIS,,2020-01-01,2099-12-31
10287,1287,LIS,,2020-01-01,2099-12-31
10288,1288,LIS,,2020-01-01,2099-12-31
10289,1289,LIS,,2020-01-01,2099-12-31
10290,1290,LIS,,2020-01-01,2099-12-31
10291,1291,LIS,,2020-01-01,2099-12-31
10292,1292,LIS,,2020-01-01,2099-12-31
10293,1293,LIS,,2020-01-01,2099-12-31
10294,1294,LIS,,2020-01-01,2099-12-31
10295,1295,LIS,,2020-01-01,2099-12-31
10296,1296,LIS,,2020-01-01,2099-12-31
10297,1297,LIS,,2020-01-01,2099-12-31
10298,1298,LIS,,2020-01-01,2099-12-31
10299,1299,LIS,,2020-01-01,2099-12-31
10300,1300,LIS,,2020-01-01,2099-12-31
10301,1301,LIS,,2020-01-01,2099-12-31
10302,1302,LIS,,2020-01-01,2099-12-31
10303,1303,LIS,,2020-01-01,2099-12-31
10304,1304,LIS,,2020-01-01,2099-12-31
10305,1305,LIS,,2020-01-01,2099-12-31
10306,1306,LIS,,2020-01-01,2099-12-31
10307,1307,LIS,,2020-01-01,2099-12-31
10308,1308,LIS,,2020-01-01,2099-12-31
10309,1309,LIS,,2020-01-01,2099-12-31
10310,1310,LIS,,2020-01-01,2099-12-31
10311,1311,LIS,,2020-01-01,2099-12-31
10312,1312,LIS,,2020-01-01,2099-12-31
10313,1313,LIS,,2020-01-01,2099-12-31
10314,1314,LIS,,2020-01-01,2099-12-31
10315,1315,LIS,,2020-01-01,2099-12-31
10316,1316,LIS,,2020-01-01,2099-12-31
10317,1317,LIS,,2020-01-01,2099-12-31
10318,1318,LIS,,2020-01-01,2099-12-31
10319,1319,LIS,,2020-01-01,2099-12-31
10320,1320,LIS,,2020-01-01,2099-12-31
10321,1321,LIS,,2020-01-01,2099-12-31
10322,1322,LIS,,2020-01-01,2099-12-31
10323,1323,LIS,,2020-01-01,2099-12-31
10324,1324,LIS,,2020-01-01,2099-12-31
10325,1325,LIS,,2020-01-01,2099-12-31
10326,1326,LIS,,2020-01-01,2099-12-31
10327,1327,LIS,,2020-01-01,2099-12-31
10328,1328,LIS,,2020-01-01,2099-12-31
10329,1329,LIS,,2020-01-01,2099-12-31
10330,1330,LIS,,2020-01-01,2099-12-31
10331,1331,LIS,,2020-01-01,2099-12-31
10332,1332,LIS,,2020-01-01,2099-12-31
10333,1333,LIS,,2020-01-01,2099-12-31
10334,1334,LIS,,2020-01-01,2099-12-31
10335,1335,LIS,,2020-01-01,2099-12-31
10336,1336,LIS,,2020-01-01,2099-12-31
10337,1337,LIS,,2020-01-01,2099-12-31
10338,1338,LIS,,2020-01-01,2099-12-31
10339,1339,LIS,,2020-01-01,2099-12-31
10340,1340,LIS,,2020-01-01,2099-12-31
10341,1341,LIS,,2020-01-01,2099-12-31
10342,1342,LIS,,2020-01-01,2099-12-31
10343,1343,LIS,,2020-01-01,2099-12-31
10344,1344,LIS,,2020-01-01,2099-12-31
10345,1345,LIS,,2020-01-01,2099-12-31
10346,1346,LIS,,2020-01-01,2099-12-31
10347,1347,LIS,,2020-01-01,2099-12-31
10348,1348,LIS,,2020-01-01,2099-12-31
10349,1349,LIS,,2020-01-01,2099-12-31
10350,1350,LIS,,2020-01-01,2099-12-31
10351,1351,LIS,,2020-01-01,2099-12-31
10352,1352,LIS,,2020-01-01,2099-12-31
10353,1353,LIS,,2020-01-01,2099-12-31
10354,1354,LIS,,2020-01-01,2099-12-31
10355,1355,LIS,,2020-01-01,2099-12-31
10356,1356,LIS,,2020-01-01,2099-12-31
10357,1357,LIS,,2020-01-01,2099-12-31
10358,1358,LIS,,2020-01-01,2099-12-31
10359,1359,LIS,,2020-01-01,2099-12-31
10360,1360,LIS,,2020-01-01,2099-12-31
10361,1361,LIS,,2020-01-01,2099-12-31
10362,1362,LIS,,2020-01-01,2099-12-31
10363,1363,LIS,,2020-01-01,2099-12-31
10364,1364,LIS,,2020-01-01,2099-12-31
10365,1365,LIS,,2020-01-01,2099-12-31
10366,1366,LIS,,2020-01-01,2099-12-31
10367,1367,LIS,,2020-01-01,2099-12-31
10368,1368,LIS,,2020-01-01,2099-12-31
10369,1369,LIS,,2020-01-01,2099-12-31
10370,1370,LIS,,2020-01-01,2099-12-31
10371,1371,LIS,,2020-01-01,2099-12-31
10372,1372,LIS,,2020-01-01,2099-12-31
10373,1373,LIS,,2020-01-01,2099-12-31
10374,1374,LIS,,2020-01-01,2099-12-31
10375,1375,LIS,,2020-01-01,2099-12-31
10376,1376,LIS,,2020-01-01,2099-12-31
10377,1377,LIS,,2020-01-01,2099-12-31
10378,1378,LIS,,2020-01-01,2099-12-31
10379,1379,LIS,,2020-01-01,2099-12-31
10380,1380,LIS,,2020-01-01,2099-12-31
10381,1381,LIS,,2020-01-01,2099-12-31
10382,1382,LIS,,2020-01-01,2099-12-31
10383,1383,LIS,,2020-01-01,2099-12-31
10384,1384,LIS,,2020-01-01,2099-12-31
10385,1385,LIS,,2020-01-01,2099-12-31
10386,1386,LIS,,2020-01-01,2099-12-31
10387,1387,LIS,,2020-01-01,2099-12-31
10388,1388,LIS,,2020-01-01,2099-12-31
10389,1389,LIS,,2020-01-01,2099-12-31
10390,1390,LIS,,2020-01-01,2099-12-31
10391,1391,LIS,,2020-01-01,2099-12-31
10392,1392,LIS,,2020-01-01,2099-12-31
10393,1393,LIS,,2020-01-01,2099-12-31
10394,1394,LIS,,2020-01-01,2099-12-31
10395,1395,LIS,,2020-01-01,2099-12-31
10396,1396,LIS,,2020-01-01,2099-12-31
10397,1397,LIS,,2020-01-01,2099-12-31
10398,1398,LIS,,2020-01-01,2099-12-31
10399,1399,LIS,,2020-01-01,2099-12-31
10400,1400,DDA,,2020-01-01,2099-12-31
10401,1401,DDA,,2020-01-01,2099-12-31
10402,1402,DDA,,2020-01-01,2099-12-31
10403,1403,DDA,,2020-01-01,2099-12-31
10404,1404,DDA,,2020-01-01,2099-12-31
10405,1405,DDA,,2020-01-01,2099-12-31
10406,1406,DDA,,2020-01-01,2099-12-31
10407,1407,DDA,,2020-01-01,2099-12-31
10408,1408,DDA,,2020-01-01,2099-12-31
10409,1409,DDA,,2020-01-01,2099-12-31
10410,1410,DDA,,2020-01-01,2099-12-31
10411,1411,DDA,,2020-01-01,2099-12-31
10412,1412,DDA,,2020-01-01,2099-12-31
10413,1413,DDA,,2020-01-01,2099-12-31
10414,1414,DDA,,2020-01-01,2099-12-31
10415,1415,DDA,,2020-01-01,2099-12-31
10416,1416,DDA,,2020-01-01,2099-12-31
10417,1417,DDA,,2020-01-01,2099-12-31
10418,1418,DDA,,2020-01-01,2099-12-31
10419,1419,DDA,,2020-01-01,2099-12-31
10420,1420,DDA,,2020-01-01,2099-12-31
10421,1421,DDA,,2020-01-01,2099-12-31
10422,1422,DDA,,2020-01-01,2099-12-31
10423,1423,DDA,,2020-01-01,2099-12-31
10424,1424,DDA,,2020-01-01,2099-12-31
10425,1425,DDA,,2020-01-01,2099-12-31
10426,1426,DDA,,2020-01-01,2099-12-31
10427,1427,DDA,,2020-01-01,2099-12-31
10428,1428,DDA,,2020-01-01,2099-12-31
10429,1429,DDA,,2020-01-01,2099-12-31
10430,1430,DDA,,2020-01-01,2099-12-31
10431,1431,DDA,,2020-01-01,2099-12-31
10432,1432,DDA,,2020-01-01,2099-12-31
10433,1433,DDA,,2020-01-01,2099-12-31
10434,1434,DDA,,2020-01-01,2099-12-31
10435,1435,DDA,,2020-01-01,2099-12-31
10436,1436,DDA,,2020-01-01,2099-12-31
10437,1437,DDA,,2020-01-01,2099-12-31
10438,1438,DDA,,2020-01-01,2099-12-31
10439,1439,DDA,,2020-01-01,2099-12-31
10440,1440,DDA,,2020-01-01,2099-12-31
10441,1441,DDA,,2020-01-01,2099-12-31
10442,1442,DDA,,2020-01-01,2099-12-31
10443,1443,DDA,,2020-01-01,2099-12-31
10444,1444,DDA,,2020-01-01,2099-12-31
10445,1445,DDA,,2020-01-01,2099-12-31
10446,1446,DDA,,2020-01-01,2099-12-31
10447,1447,DDA,,2020-01-01,2099-12-31
10448,1448,DDA,,2020-01-01,2099-12-31
10449,1449,DDA,,2020-01-01,2099-12-31
10450,1450,DDA,,2020-01-01,2099-12-31
10451,1451,DDA,,2020-01-01,2099-12-31
10452,1452,DDA,,2020-01-01,2099-12-31
10453,1453,DDA,,2020-01-01,2099-12-31
10454,1454,DDA,,2020-01-01,2099-12-31
10455,1455,DDA,,2020-01-01,2099-12-31
10456,1456,DDA,,2020-01-01,2099-12-31
10457,1457,DDA,,2020-01-01,2099-12-31
10458,1458,DDA,,2020-01-01,2099-12-31
10459,1459,DDA,,2020-01-01,2099-12-31
10460,1460,DDA,,2020-01-01,2099-12-31
10461,1461,DDA,,2020-01-01,2099-12-31
10462,1462,DDA,,2020-01-01,2099-12-31
10463,1463,DDA,,2020-01-01,2099-12-31
10464,1464,DDA,,2020-01-01,2099-12-31
10465,1465,DDA,,2020-01-01,2099-12-31
10466,1466,DDA,,2020-01-01,2099-12-31
10467,1467,DDA,,2020-01-01,2099-12-31
10468,1468,DDA,,2020-01-01,2099-12-31
10469,1469,DDA,,2020-01-01,2099-12-31
10470,1470,DDA,,2020-01-01,2099-12-31
10471,1471,DDA,,2020-01-01,2099-12-31
10472,1472,DDA,,2020-01-01,2099-12-31
10473,1473,DDA,,2020-01-01,2099-12-31
10474,1474,DDA,,2020-01-01,2099-12-31
10475,1475,DDA,,2020-01-01,2099-12-31
10476,1476,DDA,,2020-01-01,2099-12-31
10477,1477,DDA,,2020-01-01,2099-12-31
10478,1478,DDA,,2020-01-01,2099-12-31
10479,1479,DDA,,2020-01-01,2099-12-31
10480,1480,DDA,,2020-01-01,2099-12-31
10481,1481,DDA,,2020-01-01,2099-12-31
10482,1482,DDA,,2020-01-01,2099-12-31
10483,1483,DDA,,2020-01-01,2099-12-31
10484,1484,DDA,,2020-01-01,2099-12-31
10485,1485,DDA,,2020-01-01,2099-12-31
10486,1486,DDA,,2020-01-01,2099-12-31
10487,1487,DDA,,2020-01-01,2099-12-31
10488,1488,DDA,,2020-01-01,2099-12-31
10489,1489,DDA,,2020-01-01,2099-12-31
10490,1490,DDA,,2020-01-01,2099-12-31
10491,1491,DDA,,2020-01-01,2099-12-31
10492,1492,DDA,,2020-01-01,2099-12-31
10493,1493,DDA,,2020-01-01,2099-12-31
10494,1494,DDA,,2020-01-01,2099-12-31
10495,1495,DDA,,2020-01-01,2099-12-31
10496,1496,DDA,,2020-01-01,2099-12-31
10497,1497,DDA,,2020-01-01,2099-12-31
10498,1498,DDA,,2020-01-01,2099-12-31
10499,1499,DDA,,2020-01-01,2099-12-31
10500,1500,DDA,,2020-01-01,2099-12-31
10501,1501,DDA,,2020-01-01,2099-12-31
10502,1502,DDA,,2020-01-01,2099-12-31
10503,1503,DDA,,2020-01-01,2099-12-31
10504,1504,DDA,,2020-01-01,2099-12-31
10505,1505,DDA,,2020-01-01,2099-12-31
10506,1506,DDA,,2020-01-01,2099-12-31
10507,1507,DDA,,2020-01-01,2099-12-31
10508,1508,DDA,,2020-01-01,2099-12-31
10509,1509,DDA,,2020-01-01,2099-12-31
10510,1510,DDA,,2020-01-01,2099-12-31
10511,1511,DDA,,2020-01-01,2099-12-31
10512,1512,DDA,,2020-01-01,2099-12-31
10513,1513,DDA,,2020-01-01,2099-12-31
10514,1514,DDA,,2020-01-01,2099-12-31
10515,1515,DDA,,2020-01-01,2099-12-31
10516,1516,DDA,,2020-01-01,2099-12-31
10517,1517,DDA,,2020-01-01,2099-12-31
10518,1518,DDA,,2020-01-01,2099-12-31
10519,1519,DDA,,2020-01-01,2099-12-31
10520,1520,DDA,,2020-01-01,2099-12-31
10521,1521,DDA,,2020-01-01,2099-12-31
10522,1522,DDA,,2020-01-01,2099-12-31
10523,1523,DDA,,2020-01-01,2099-12-31
10524,1524,DDA,,2020-01-01,2099-12-31
10525,1525,DDA,,2020-01-01,2099-12-31
10526,1526,DDA,,2020-01-01,2099-12-31
10527,1527,DDA,,2020-01-01,2099-12-31
10528,1528,DDA,,2020-01-01,2099-12-31
10529,1529,DDA,,2020-01-01,2099-12-31
10530,1530,DDA,,2020-01-01,2099-12-31
10531,1531,DDA,,2020-01-01,2099-12-31
10532,1532,DDA,,2020-01-01,2099-12-31
10533,1533,DDA,,2020-01-01,2099-12-31
10534,1534,DDA,,2020-01-01,2099-12-31
10535,1535,DDA,,2020-01-01,2099-12-31
10536,1536,DDA,,2020-01-01,2099-12-31
10537,1537,DDA,,2020-01-01,2099-12-31
10538,1538,DDA,,2020-01-01,2099-12-31
10539,1539,DDA,,2020-01-01,2099-12-31
10540,1540,DDA,,2020-01-01,2099-12-31
10541,1541,DDA,,2020-01-01,2099-12-31
10542,1542,DDA,,2020-01-01,2099-12-31
10543,1543,DDA,,2020-01-01,2099-12-31
10544,1544,DDA,,2020-01-01,2099-12-31
10545,1545,DDA,,2020-01-01,2099-12-31
10546,1546,DDA,,2020-01-01,2099-12-31
10547,1547,DDA,,2020-01-01,2099-12-31
10548,1548,DDA,,2020-01-01,2099-12-31
10549,1549,DDA,,2020-01-01,2099-12-31
10550,1550,DDA,,2020-01-01,2099-12-31
10551,1551,DDA,,2020-01-01,2099-12-31
10552,1552,DDA,,2020-01-01,2099-12-31
10553,1553,DDA,,2020-01-01,2099-12-31
10554,1554,DDA,,2020-01-01,2099-12-31
10555,1555,DDA,,2020-01-01,2099-12-31
10556,1556,DDA,,2020-01-01,2099-12-31
10557,1557,DDA,,2020-01-01,2099-12-31
10558,1558,DDA,,2020-01-01,2099-12-31
10559,1559,DDA,,2020-01-01,2099-12-31
10560,1560,DDA,,2020-01-01,2099-12-31
10561,1561,DDA,,2020-01-01,2099-12-31
10562,1562,DDA,,2020-01-01,2099-12-31
10563,1563,DDA,,2020-01-01,2099-12-31
10564,1564,DDA,,2020-01-01,2099-12-31
10565,1565,DDA,,2020-01-01,2099-12-31
10566,1566,DDA,,2020-01-01,2099-12-31
10567,1567,DDA,,2020-01-01,2099-12-31
10568,1568,DDA,,2020-01-01,2099-12-31
10569,1569,DDA,,2020-01-01,2099-12-31
10570,1570,DDA,,2020-01-01,2099-12-31
10571,1571,DDA,,2020-01-01,2099-12-31
10572,1572,DDA,,2020-01-01,2099-12-31
10573,1573,DDA,,2020-01-01,2099-12-31
10574,1574,DDA,,2020-01-01,2099-12-31
10575,1575,DDA,,2020-01-01,2099-12-31
10576,1576,DDA,,2020-01-01,2099-12-31
10577,1577,DDA,,2020-01-01,2099-12-31
10578,1578,DDA,,2020-01-01,2099-12-31
10579,1579,DDA,,2020-01-01,2099-12-31
10580,1580,DDA,,2020-01-01,2099-12-31
10581,1581,DDA,,2020-01-01,2099-12-31
10582,1582,DDA,,2020-01-01,2099-12-31
10583,1583,DDA,,2020-01-01,2099-12-31
10584,1584,DDA,,2020-01-01,2099-12-31
10585,1585,DDA,,2020-01-01,2099-12-31
10586,1586,DDA,,2020-01-01,2099-12-31
10587,1587,DDA,,2020-01-01,2099-12-31
10588,1588,DDA,,2020-01-01,2099-12-31
10589,1589,DDA,,2020-01-01,2099-12-31
10590,1590,DDA,,2020-01-01,2099-12-31
10591,1591,DDA,,2020-01-01,2099-12-31
10592,1592,DDA,,2020-01-01,2099-12-31
10593,1593,DDA,,2020-01-01,2099-12-31
10594,1594,DDA,,2020-01-01,2099-12-31
10595,1595,DDA,,2020-01-01,2099-12-31
10596,1596,DDA,,2020-01-01,2099-12-31
10597,1597,DDA,,2020-01-01,2099-12-31
10598,1598,DDA,,2020-01-01,2099-12-31
10599,1599,DDA,,2020-01-01,2099-12-31
10600,1600,CHA,,2020-01-01,2099-12-31
10601,1601,CHA,,2020-01-01,2099-12-31
10602,1602,CHA,,2020-01-01,2099-12-31
10603,1603,CHA,,2020-01-01,2099-12-31
10604,1604,CHA,,2020-01-01,2099-12-31
10605,1605,CHA,,2020-01-01,2099-12-31
10606,1606,CHA,,2020-01-01,2099-12-31
10607,1607,CHA,,2020-01-01,2099-12-31
10608,1608,CHA,,2020-01-01,2099-12-31
10609,1609,CHA,,2020-01-01,2099-12-31
10610,1610,CHA,,2020-01-01,2099-12-31
10611,1611,CHA,,2020-01-01,2099-12-31
10612,1612,CHA,,2020-01-01,2099-12-31
10613,1613,CHA,,2020-01-01,2099-12-31
10614,1614,CHA,,2020-01-01,2099-12-31
10615,1615,CHA,,2020-01-01,2099-12-31
10616,1616,CHA,,2020-01-01,2099-12-31
10617,1617,CHA,,2020-01-01,2099-12-31
10618,1618,CHA,,2020-01-01,2099-12-31
10619,1619,CHA,,2020-01-01,2099-12-31
10620,1620,CHA,,2020-01-01,2099-12-31
10621,1621,CHA,,2020-01-01,2099-12-31
10622,1622,CHA,,2020-01-01,2099-12-31
10623,1623,CHA,,2020-01-01,2099-12-31
10624,1624,CHA,,2020-01-01,2099-12-31
10625,1625,CHA,,2020-01-01,2099-12-31
10626,1626,CHA,,2020-01-01,2099-12-31
10627,1627,CHA,,2020-01-01,2099-12-31
10628,1628,CHA,,2020-01-01,2099-12-31
10629,1629,CHA,,2020-01-01,2099-12-31
10630,1630,CHA,,2020-01-01,2099-12-31
10631,1631,CHA,,2020-01-01,2099-12-31
10632,1632,CHA,,2020-01-01,2099-12-31
10633,1633,CHA,,2020-01-01,2099-12-31
10634,1634,CHA,,2020-01-01,2099-12-31
10635,1635,CHA,,2020-01-01,2099-12-31
10636,1636,CHA,,2020-01-01,2099-12-31
10637,1637,CHA,,2020-01-01,2099-12-31
10638,1638,CHA,,2020-01-01,2099-12-31
10639,1639,CHA,,2020-01-01,2099-12-31
10640,1640,CHA,,2020-01-01,2099-12-31
10641,1641,CHA,,2020-01-01,2099-12-31
10642,1642,CHA,,2020-01-01,2099-12-31
10643,1643,CHA,,2020-01-01,2099-12-31
10644,1644,CHA,,2020-01-01,2099-12-31
10645,1645,CHA,,2020-01-01,2099-12-31
10646,1646,CHA,,2020-01-01,2099-12-31
10647,1647,CHA,,2020-01-01,2099-12-31
10648,1648,CHA,,2020-01-01,2099-12-31
10649,1649,CHA,,2020-01-01,2099-12-31
10650,1650,CHA,,2020-01-01,2099-12-31
10651,1651,CHA,,2020-01-01,2099-12-31
10652,1652,CHA,,2020-01-01,2099-12-31
10653,1653,CHA,,2020-01-01,2099-12-31
10654,1654,CHA,,2020-01-01,2099-12-31
10655,1655,CHA,,2020-01-01,2099-12-31
10656,1656,CHA,,2020-01-01,2099-12-31
10657,1657,CHA,,2020-01-01,2099-12-31
10658,1658,CHA,,2020-01-01,2099-12-31
10659,1659,CHA,,2020-01-01,2099-12-31
10660,1660,CHA,,2020-01-01,2099-12-31
10661,1661,CHA,,2020-01-01,2099-12-31
10662,1662,CHA,,2020-01-01,2099-12-31
10663,1663,CHA,,2020-01-01,2099-12-31
10664,1664,CHA,,2020-01-01,2099-12-31
10665,1665,CHA,,2020-01-01,2099-12-31
10666,1666,CHA,,2020-01-01,2099-12-31
10667,1667,CHA,,2020-01-01,2099-12-31
10668,1668,CHA,,2020-01-01,2099-12-31
10669,1669,CHA,,2020-01-01,2099-12-31
10670,1670,CHA,,2020-01-01,2099-12-31
10671,1671,CHA,,2020-01-01,2099-12-31
10672,1672,CHA,,2020-01-01,2099-12-31
10673,1673,CHA,,2020-01-01,2099-12-31
10674,1674,CHA,,2020-01-01,2099-12-31
10675,1675,CHA,,2020-01-01,2099-12-31
10676,1676,CHA,,2020-01-01,2099-12-31
10677,1677,CHA,,2020-01-01,2099-12-31
10678,1678,CHA,,2020-01-01,2099-12-31
10679,1679,CHA,,2020-01-01,2099-12-31
10680,1680,CHA,,2020-01-01,2099-12-31
10681,1681,CHA,,2020-01-01,2099-12-31
10682,1682,CHA,,2020-01-01,2099-12-31
10683,1683,CHA,,2020-01-01,2099-12-31
10684,1684,CHA,,2020-01-01,2099-12-31
10685,1685,CHA,,2020-01-01,2099-12-31
10686,1686,CHA,,2020-01-01,2099-12-31
10687,1687,CHA,,2020-01-01,2099-12-31
10688,1688,CHA,,2020-01-01,2099-12-31
10689,1689,CHA,,2020-01-01,2099-12-31
10690,1690,CHA,,2020-01-01,2099-12-31
10691,1691,CHA,,2020-01-01,2099-12-31
10692,1692,CHA,,2020-01-01,2099-12-31
10693,1693,CHA,,2020-01-01,2099-12-31
10694,1694,CHA,,2020-01-01,2099-12-31
10695,1695,CHA,,2020-01-01,2099-12-31
10696,1696,CHA,,2020-01-01,2099-12-31
10697,1697,CHA,,2020-01-01,2099-12-31
10698,1698,CHA,,2020-01-01,2099-12-31
10699,1699,CHA,,2020-01-01,2099-12-31
10700,1700,LNS,,2020-01-01,2099-12-31
10701,1701,LNS,,2020-01-01,2099-12-31
10702,1702,LNS,,2020-01-01,2099-12-31
10703,1703,LNS,,2020-01-01,2099-12-31
10704,1704,LNS,,2020-01-01,2099-12-31
10705,1705,LNS,,2020-01-01,2099-12-31
10706,1706,LNS,,2020-01-01,2099-12-31
10707,1707,LNS,,2020-01-01,2099-12-31
10708,1708,LNS,,2020-01-01,2099-12-31
10709,1709,LNS,,2020-01-01,2099-12-31
10710,1710,LNS,,2020-01-01,2099-12-31
10711,1711,LNS,,2020-01-01,2099-12-31
10712,1712,LNS,,2020-01-01,2099-12-31
10713,1713,LNS,,2020-01-01,2099-12-31
10714,1714,LNS,,2020-01-01,2099-12-31
10715,1715,LNS,,2020-01-01,2099-12-31
10716,1716,LNS,,2020-01-01,2099-12-31
10717,1717,LNS,,2020-01-01,2099-12-31
10718,1718,LNS,,2020-01-01,2099-12-31
10719,1719,LNS,,2020-01-01,2099-12-31
10720,1720,LNS,,2020-01-01,2099-12-31
10721,1721,LNS,,2020-01-01,2099-12-31
10722,1722,LNS,,2020-01-01,2099-12-31
10723,1723,LNS,,2020-01-01,2099-12-31
10724,1724,LNS,,2020-01-01,2099-12-31
10725,1725,LNS,,2020-01-01,2099-12-31
10726,1726,LNS,,2020-01-01,2099-12-31
10727,1727,LNS,,2020-01-01,2099-12-31
10728,1728,LNS,,2020-01-01,2099-12-31
10729,1729,LNS,,2020-01-01,2099-12-31
10730,1730,LNS,,2020-01-01,2099-12-31
10731,1731,LNS,,2020-01-01,2099-12-31
10732,1732,LNS,,2020-01-01,2099-12-31
10733,1733,LNS,,2020-01-01,2099-12-31
10734,1734,LNS,,2020-01-01,2099-12-31
10735,1735,LNS,,2020-01-01,2099-12-31
10736,1736,LNS,,2020-01-01,2099-12-31
10737,1737,LNS,,2020-01-01,2099-12-31
10738,1738,LNS,,2020-01-01,2099-12-31
10739,1739,LNS,,2020-01-01,2099-12-31
10740,1740,LNS,,2020-01-01,2099-12-31
10741,1741,LNS,,2020-01-01,2099-12-31
10742,1742,LNS,,2020-01-01,2099-12-31
10743,1743,LNS,,2020-01-01,2099-12-31
10744,1744,LNS,,2020-01-01,2099-12-31
10745,1745,LNS,,2020-01-01,2099-12-31
10746,1746,LNS,,2020-01-01,2099-12-31
10747,1747,LNS,,2020-01-01,2099-12-31
10748,1748,LNS,,2020-01-01,2099-12-31
10749,1749,LNS,,2020-01-01,2099-12-31
10750,1750,CHS,,2020-01-01,2099-12-31
10751,1751,CHS,,2020-01-01,2099-12-31
10752,1752,CHS,OD_FLEX,2020-01-01,2099-12-31
10753,1753,CHS,OD_PREM,2020-01-01,2099-12-31
10754,1754,CHS,OD_STD,2020-01-01,2099-12-31
10755,1755,CHS,OD_FLEX,2020-01-01,2099-12-31
10756,1756,CHS,OD_PREM,2020-01-01,2099-12-31
10757,1757,CHS,OD_BUS,2020-01-01,2099-12-31
10758,1758,CHS,OD_FLEX,2020-01-01,2099-12-31
10759,1759,CHS,OD_BUS,2020-01-01,2099-12-31
10760,1760,CHS,OD_PREM,2020-01-01,2099-12-31
10761,1761,CHS,OD_PREM,2020-01-01,2099-12-31
10762,1762,CHS,OD_PREM,2020-01-01,2099-12-31
10763,1763,CHS,OD_PREM,2020-01-01,2099-12-31
10764,1764,CHS,,2020-01-01,2099-12-31
10765,1765,CHS,OD_PREM,2020-01-01,2099-12-31
10766,1766,CHS,,2020-01-01,2099-12-31
10767,1767,CHS,OD_STD,2020-01-01,2099-12-31
10768,1768,CHS,,2020-01-01,2099-12-31
10769,1769,CHS,OD_BUS,2020-01-01,2099-12-31
10770,1770,CHS,OD_STD,2020-01-01,2099-12-31
10771,1771,CHS,OD_BUS,2020-01-01,2099-12-31
10772,1772,CHS,OD_FLEX,2020-01-01,2099-12-31
10773,1773,CHS,OD_FLEX,2020-01-01,2099-12-31
10774,1774,CHS,,2020-01-01,2099-12-31
10775,1775,CHS,OD_BUS,2020-01-01,2099-12-31
10776,1776,CHS,OD_FLEX,2020-01-01,2099-12-31
10777,1777,CHS,OD_FLEX,2020-01-01,2099-12-31
10778,1778,CHS,OD_FLEX,2020-01-01,2099-12-31
10779,1779,CHS,OD_STD,2020-01-01,2099-12-31
10780,1780,CHS,OD_STD,2020-01-01,2099-12-31
10781,1781,CHS,OD_PREM,2020-01-01,2099-12-31
10782,1782,CHS,OD_BUS,2020-01-01,2099-12-31
10783,1783,CHS,OD_FLEX,2020-01-01,2099-12-31
10784,1784,CHS,OD_BUS,2020-01-01,2099-12-31
10785,1785,CHS,OD_PREM,2020-01-01,2099-12-31
10786,1786,CHS,,2020-01-01,2099-12-31
10787,1787,CHS,OD_PREM,2020-01-01,2099-12-31
10788,1788,CHS,OD_FLEX,2020-01-01,2099-12-31
10789,1789,CHS,,2020-01-01,2099-12-31
10790,1790,CHS,,2020-01-01,2099-12-31
10791,1791,CHS,OD_PREM,2020-01-01,2099-12-31
10792,1792,CHS,OD_FLEX,2020-01-01,2099-12-31
10793,1793,CHS,,2020-01-01,2099-12-31
10794,1794,CHS,OD_PREM,2020-01-01,2099-12-31
10795,1795,CHS,OD_PREM,2020-01-01,2099-12-31
10796,1796,CHS,OD_FLEX,2020-01-01,2099-12-31
10797,1797,CHS,OD_PREM,2020-01-01,2099-12-31
10798,1798,CHS,OD_PREM,2020-01-01,2099-12-31
10799,1799,CHS,OD_PREM,2020-01-01,2099-12-31
10800,1800,CHS,OD_BUS,2020-01-01,2099-12-31
10801,1801,CHS,OD_STD,2020-01-01,2099-12-31
10802,1802,CHS,OD_BUS,2020-01-01,2099-12-31
10803,1803,CHS,OD_PREM,2020-01-01,2099-12-31
10804,1804,CHS,OD_STD,2020-01-01,2099-12-31
10805,1805,CHS,,2020-01-01,2099-12-31
10806,1806,CHS,OD_BUS,2020-01-01,2099-12-31
10807,1807,CHS,OD_BUS,2020-01-01,2099-12-31
10808,1808,CHS,OD_BUS,2020-01-01,2099-12-31
10809,1809,CHS,OD_FLEX,2020-01-01,2099-12-31
10810,1810,CHS,OD_PREM,2020-01-01,2099-12-31
10811,1811,CHS,,2020-01-01,2099-12-31
10812,1812,CHS,,2020-01-01,2099-12-31
10813,1813,CHS,,2020-01-01,2099-12-31
10814,1814,CHS,OD_PREM,2020-01-01,2099-12-31
10815,1815,CHS,OD_STD,2020-01-01,2099-12-31
10816,1816,CHS,OD_BUS,2020-01-01,2099-12-31
10817,1817,CHS,OD_PREM,2020-01-01,2099-12-31
10818,1818,CHS,OD_BUS,2020-01-01,2099-12-31
10819,1819,CHS,OD_PREM,2020-01-01,2099-12-31
10820,1820,CHS,OD_BUS,2020-01-01,2099-12-31
10821,1821,CHS,OD_PREM,2020-01-01,2099-12-31
10822,1822,CHS,OD_STD,2020-01-01,2099-12-31
10823,1823,CHS,,2020-01-01,2099-12-31
10824,1824,CHS,OD_BUS,2020-01-01,2099-12-31
10825,1825,CHS,OD_PREM,2020-01-01,2099-12-31
10826,1826,CHS,OD_STD,2020-01-01,2099-12-31
10827,1827,CHS,OD_STD,2020-01-01,2099-12-31
10828,1828,CHS,,2020-01-01,2099-12-31
10829,1829,CHS,OD_PREM,2020-01-01,2099-12-31
10830,1830,CHS,OD_BUS,2020-01-01,2099-12-31
10831,1831,CHS,OD_FLEX,2020-01-01,2099-12-31
10832,1832,CHS,OD_STD,2020-01-01,2099-12-31
10833,1833,CHS,OD_STD,2020-01-01,2099-12-31
10834,1834,CHS,,2020-01-01,2099-12-31
10835,1835,CHS,OD_PREM,2020-01-01,2099-12-31
10836,1836,CHS,OD_FLEX,2020-01-01,2099-12-31
10837,1837,CHS,OD_FLEX,2020-01-01,2099-12-31
10838,1838,CHS,OD_FLEX,2020-01-01,2099-12-31
10839,1839,CHS,OD_PREM,2020-01-01,2099-12-31
10840,1840,CHS,OD_BUS,2020-01-01,2099-12-31
10841,1841,CHS,OD_STD,2020-01-01,2099-12-31
10842,1842,CHS,OD_PREM,2020-01-01,2099-12-31
10843,1843,CHS,OD_FLEX,2020-01-01,2099-12-31
10844,1844,CHS,OD_STD,2020-01-01,2099-12-31
10845,1845,CHS,OD_STD,2020-01-01,2099-12-31
10846,1846,CHS,OD_FLEX,2020-01-01,2099-12-31
10847,1847,CHS,OD_FLEX,2020-01-01,2099-12-31
10848,1848,CHS,OD_STD,2020-01-01,2099-12-31
10849,1849,CHS,,2020-01-01,2099-12-31
10850,1850,CHS,OD_STD,2020-01-01,2099-12-31
10851,1851,CHS,OD_BUS,2020-01-01,2099-12-31
10852,1852,CHS,OD_BUS,2020-01-01,2099-12-31
10853,1853,CHS,,2020-01-01,2099-12-31
10854,1854,CHS,OD_PREM,2020-01-01,2099-12-31
10855,1855,CHS,OD_STD,2020-01-01,2099-12-31
10856,1856,CHS,OD_BUS,2020-01-01,2099-12-31
10857,1857,CHS,OD_STD,2020-01-01,2099-12-31
10858,1858,CHS,,2020-01-01,2099-12-31
10859,1859,CHS,OD_FLEX,2020-01-01,2099-12-31
10860,1860,CHS,,2020-01-01,2099-12-31
10861,1861,CHS,,2020-01-01,2099-12-31
10862,1862,CHS,,2020-01-01,2099-12-31
10863,1863,CHS,OD_BUS,2020-01-01,2099-12-31
10864,1864,CHS,,2020-01-01,2099-12-31
10865,1865,CHS,OD_FLEX,2020-01-01,2099-12-31
10866,1866,CHS,OD_FLEX,2020-01-01,2099-12-31
10867,1867,CHS,OD_FLEX,2020-01-01,2099-12-31
10868,1868,CHS,OD_PREM,2020-01-01,2099-12-31
10869,1869,CHS,,2020-01-01,2099-12-31
10870,1870,CHS,OD_FLEX,2020-01-01,2099-12-31
10871,1871,CHS,OD_PREM,2020-01-01,2099-12-31
10872,1872,CHS,,2020-01-01,2099-12-31
10873,1873,CHS,,2020-01-01,2099-12-31
10874,1874,CHS,OD_STD,2020-01-01,2099-12-31
10875,1875,CHS,,2020-01-01,2099-12-31
10876,1876,CHS,OD_STD,2020-01-01,2099-12-31
10877,1877,CHS,OD_BUS,2020-01-01,2099-12-31
10878,1878,CHS,OD_BUS,2020-01-01,2099-12-31
10879,1879,CHS,OD_PREM,2020-01-01,2099-12-31
10880,1880,CHS,OD_STD,2020-01-01,2099-12-31
10881,1881,CHS,OD_BUS,2020-01-01,2099-12-31
10882,1882,CHS,OD_BUS,2020-01-01,2099-12-31
10883,1883,CHS,OD_BUS,2020-01-01,2099-12-31
10884,1884,CHS,,2020-01-01,2099-12-31
10885,1885,CHS,OD_STD,2020-01-01,2099-12-31
10886,1886,CHS,OD_BUS,2020-01-01,2099-12-31
10887,1887,CHS,OD_STD,2020-01-01,2099-12-31
10888,1888,CHS,OD_FLEX,2020-01-01,2099-12-31
10889,1889,CHS,OD_FLEX,2020-01-01,2099-12-31
10890,1890,CHS,,2020-01-01,2099-12-31
10891,1891,CHS,OD_FLEX,2020-01-01,2099-12-31
10892,1892,CHS,OD_PREM,2020-01-01,2099-12-31
10893,1893,CHS,OD_STD,2020-01-01,2099-12-31
10894,1894,CHS,OD_BUS,2020-01-01,2099-12-31
10895,1895,CHS,OD_PREM,2020-01-01,2099-12-31
10896,1896,CHS,OD_PREM,2020-01-01,2099-12-31
10897,1897,CHS,OD_FLEX,2020-01-01,2099-12-31
10898,1898,CHS,OD_STD,2020-01-01,2099-12-31
10899,1899,CHS,OD_BUS,2020-01-01,2099-12-31
